time_s,phase,speed_uu_s
1.008,bad_strafe,0.0
1.016,bad_strafe,21.3
1.024,bad_strafe,42.7
1.033,bad_strafe,64.0
1.041,bad_strafe,85.3
1.049,bad_strafe,106.7
1.058,bad_strafe,128.0
1.066,bad_strafe,149.3
1.074,bad_strafe,170.7
1.083,bad_strafe,192.0
1.091,bad_strafe,213.3
1.099,bad_strafe,234.7
1.108,bad_strafe,256.0
1.116,bad_strafe,277.3
1.124,bad_strafe,298.7
1.133,bad_strafe,320.0
1.141,bad_strafe,320.0
1.149,bad_strafe,320.0
1.158,bad_strafe,320.0
1.166,bad_strafe,320.0
1.174,bad_strafe,320.0
1.183,bad_strafe,320.0
1.191,bad_strafe,320.0
1.199,bad_strafe,320.0
1.208,bad_strafe,320.0
1.216,bad_strafe,320.0
1.224,bad_strafe,320.0
1.233,bad_strafe,320.0
1.241,bad_strafe,320.0
1.249,bad_strafe,320.0
1.258,bad_strafe,320.0
1.266,bad_strafe,320.0
1.274,bad_strafe,320.0
1.283,bad_strafe,320.0
1.291,bad_strafe,320.0
1.299,bad_strafe,320.0
1.308,bad_strafe,320.0
1.316,bad_strafe,320.0
1.324,bad_strafe,320.0
1.333,bad_strafe,320.0
1.341,bad_strafe,320.0
1.349,bad_strafe,320.0
1.358,bad_strafe,320.0
1.366,bad_strafe,320.0
1.374,bad_strafe,320.0
1.383,bad_strafe,320.0
1.391,bad_strafe,320.0
1.4,bad_strafe,320.0
1.408,bad_strafe,320.0
1.416,bad_strafe,320.0
1.425,bad_strafe,320.0
1.433,bad_strafe,320.0
1.441,bad_strafe,320.0
1.45,bad_strafe,320.0
1.458,bad_strafe,320.0
1.466,bad_strafe,320.0
1.475,bad_strafe,320.0
1.483,bad_strafe,320.0
1.491,bad_strafe,320.0
1.5,bad_strafe,320.0
1.508,bad_strafe,320.0
1.516,bad_strafe,320.0
1.525,bad_strafe,320.0
1.533,bad_strafe,320.0
1.541,bad_strafe,320.0
1.55,bad_strafe,320.0
1.558,bad_strafe,320.0
1.566,bad_strafe,320.0
1.575,bad_strafe,320.0
1.583,bad_strafe,320.0
1.591,bad_strafe,320.0
1.6,bad_strafe,320.0
1.608,bad_strafe,320.0
1.616,bad_strafe,320.0
1.625,bad_strafe,320.0
1.633,bad_strafe,320.0
1.641,bad_strafe,320.0
1.65,bad_strafe,320.0
1.658,bad_strafe,320.0
1.666,bad_strafe,320.0
1.675,bad_strafe,320.0
1.683,bad_strafe,320.0
1.691,bad_strafe,320.0
1.7,bad_strafe,320.0
1.708,bad_strafe,320.0
1.716,bad_strafe,320.0
1.725,bad_strafe,320.0
1.733,bad_strafe,320.0
1.741,bad_strafe,320.0
1.75,bad_strafe,320.0
1.758,bad_strafe,320.0
1.766,bad_strafe,320.0
1.775,bad_strafe,320.0
1.783,bad_strafe,320.0
1.791,bad_strafe,320.0
1.8,bad_strafe,320.0
1.808,bad_strafe,320.0
1.816,bad_strafe,320.0
1.825,bad_strafe,320.0
1.833,bad_strafe,320.0
1.841,bad_strafe,320.0
1.85,bad_strafe,320.0
1.858,bad_strafe,320.0
1.866,bad_strafe,320.0
1.875,bad_strafe,320.0
1.883,bad_strafe,320.0
1.891,bad_strafe,320.0
1.9,bad_strafe,320.0
1.908,bad_strafe,320.0
1.916,bad_strafe,320.0
1.925,bad_strafe,320.0
1.933,bad_strafe,320.0
1.941,bad_strafe,320.0
1.95,bad_strafe,320.0
1.958,bad_strafe,320.0
1.966,bad_strafe,320.0
1.975,bad_strafe,320.0
1.983,bad_strafe,320.0
1.991,bad_strafe,320.0
2.0,bad_strafe,320.0
2.008,bad_strafe,320.0
2.017,bad_strafe,320.0
2.025,bad_strafe,320.0
2.033,bad_strafe,320.0
2.042,bad_strafe,320.0
2.05,bad_strafe,320.0
2.058,bad_strafe,320.0
2.067,bad_strafe,320.0
2.075,bad_strafe,320.0
2.083,bad_strafe,320.0
2.092,bad_strafe,320.0
2.1,bad_strafe,320.0
2.108,bad_strafe,320.0
2.117,bad_strafe,320.0
2.125,bad_strafe,320.0
2.133,bad_strafe,320.0
2.142,bad_strafe,320.0
2.15,bad_strafe,320.0
2.158,bad_strafe,320.0
2.167,bad_strafe,320.0
2.175,bad_strafe,320.0
2.183,bad_strafe,320.0
2.192,bad_strafe,320.0
2.2,bad_strafe,320.0
2.208,bad_strafe,320.0
2.217,bad_strafe,320.0
2.225,bad_strafe,320.0
2.233,bad_strafe,320.0
2.242,bad_strafe,320.0
2.25,bad_strafe,320.0
2.258,bad_strafe,320.0
2.267,bad_strafe,320.0
2.275,bad_strafe,320.0
2.284,bad_strafe,320.0
2.292,bad_strafe,320.0
2.3,bad_strafe,320.0
2.309,bad_strafe,320.0
2.317,bad_strafe,320.0
2.326,bad_strafe,320.0
2.334,bad_strafe,320.0
2.342,bad_strafe,320.0
2.351,bad_strafe,320.0
2.359,bad_strafe,320.0
2.367,bad_strafe,320.0
2.376,bad_strafe,320.0
2.384,bad_strafe,320.0
2.392,bad_strafe,320.0
2.401,bad_strafe,320.0
2.409,bad_strafe,320.0
2.417,bad_strafe,320.0
2.426,bad_strafe,320.0
2.434,bad_strafe,320.0
2.442,bad_strafe,320.0
2.451,bad_strafe,320.0
2.459,bad_strafe,320.0
2.467,bad_strafe,320.0
2.476,bad_strafe,320.0
2.484,bad_strafe,320.0
2.492,bad_strafe,320.0
2.501,bad_strafe,320.0
2.509,bad_strafe,320.0
2.517,bad_strafe,320.0
2.526,bad_strafe,320.0
2.534,bad_strafe,320.0
2.542,bad_strafe,320.0
2.551,bad_strafe,320.0
2.559,bad_strafe,320.0
2.567,bad_strafe,320.0
2.576,bad_strafe,320.0
2.584,bad_strafe,320.0
2.592,bad_strafe,320.0
2.601,bad_strafe,320.0
2.609,bad_strafe,320.0
2.617,bad_strafe,320.0
2.626,bad_strafe,320.0
2.634,bad_strafe,320.0
2.642,bad_strafe,320.0
2.651,bad_strafe,320.0
2.659,bad_strafe,320.0
2.667,bad_strafe,320.0
2.676,bad_strafe,320.0
2.684,bad_strafe,320.0
2.692,bad_strafe,320.0
2.701,bad_strafe,320.0
2.709,bad_strafe,320.0
2.717,bad_strafe,320.0
2.726,bad_strafe,320.0
2.734,bad_strafe,320.0
2.742,bad_strafe,320.0
2.751,bad_strafe,320.0
2.759,bad_strafe,320.0
2.767,bad_strafe,320.0
2.776,bad_strafe,320.0
2.784,bad_strafe,320.0
2.792,bad_strafe,320.0
2.801,bad_strafe,320.0
2.809,bad_strafe,320.0
2.817,bad_strafe,320.0
2.826,bad_strafe,320.0
2.834,bad_strafe,320.0
2.842,bad_strafe,320.0
2.851,bad_strafe,320.0
2.859,bad_strafe,320.0
2.867,bad_strafe,320.0
2.876,bad_strafe,320.0
2.884,bad_strafe,320.0
2.892,bad_strafe,320.0
2.901,bad_strafe,320.0
2.909,bad_strafe,320.0
2.917,bad_strafe,320.0
2.926,bad_strafe,320.0
2.934,bad_strafe,320.0
2.942,bad_strafe,320.0
2.951,bad_strafe,320.0
2.959,bad_strafe,320.0
2.967,bad_strafe,320.0
2.976,bad_strafe,320.0
2.984,bad_strafe,320.0
2.992,bad_strafe,320.0
3.001,bad_strafe,320.0
3.009,bad_strafe,320.0
3.017,bad_strafe,320.0
3.026,bad_strafe,320.0
3.034,bad_strafe,320.0
3.042,bad_strafe,320.0
3.051,bad_strafe,320.0
3.059,bad_strafe,320.0
3.067,bad_strafe,320.0
3.076,bad_strafe,320.0
3.084,bad_strafe,320.0
3.092,bad_strafe,320.0
3.101,bad_strafe,320.0
3.109,bad_strafe,320.0
3.117,bad_strafe,320.0
3.126,bad_strafe,320.0
3.134,bad_strafe,320.0
3.142,bad_strafe,320.0
3.151,bad_strafe,320.0
3.159,bad_strafe,320.0
3.167,bad_strafe,320.0
3.176,bad_strafe,320.0
3.184,bad_strafe,320.0
3.192,bad_strafe,320.0
3.201,bad_strafe,320.0
3.209,bad_strafe,320.0
3.217,bad_strafe,320.0
3.226,bad_strafe,320.0
3.234,bad_strafe,320.0
3.242,bad_strafe,320.0
3.251,bad_strafe,320.0
3.259,bad_strafe,320.0
3.267,bad_strafe,320.0
3.276,bad_strafe,320.0
3.284,bad_strafe,320.0
3.292,bad_strafe,320.0
3.301,bad_strafe,320.0
3.309,bad_strafe,320.0
3.317,bad_strafe,320.0
3.326,bad_strafe,320.0
3.334,bad_strafe,320.0
3.342,bad_strafe,320.0
3.351,bad_strafe,320.0
3.359,bad_strafe,320.0
3.367,bad_strafe,320.0
3.376,bad_strafe,320.0
3.384,bad_strafe,320.0
3.392,bad_strafe,320.0
3.401,bad_strafe,320.0
3.409,bad_strafe,320.0
3.417,bad_strafe,320.0
3.426,bad_strafe,320.0
3.434,bad_strafe,320.0
3.442,bad_strafe,320.0
3.451,bad_strafe,320.0
3.459,bad_strafe,320.0
3.467,bad_strafe,320.0
3.476,bad_strafe,320.0
3.484,bad_strafe,320.0
3.492,bad_strafe,320.0
3.501,bad_strafe,320.0
3.509,bad_strafe,320.0
3.517,bad_strafe,320.0
3.526,bad_strafe,320.0
3.534,bad_strafe,320.0
3.542,bad_strafe,320.0
3.551,bad_strafe,320.0
3.559,bad_strafe,320.0
3.567,bad_strafe,320.0
3.576,bad_strafe,320.0
3.584,bad_strafe,320.0
3.592,bad_strafe,320.0
3.601,bad_strafe,320.0
3.609,bad_strafe,320.0
3.617,bad_strafe,320.0
3.626,bad_strafe,320.0
3.634,bad_strafe,320.0
3.642,bad_strafe,320.0
3.651,bad_strafe,320.0
3.659,bad_strafe,320.0
3.667,bad_strafe,320.0
3.676,bad_strafe,320.0
3.684,bad_strafe,320.0
3.692,bad_strafe,320.0
3.701,bad_strafe,320.0
3.709,bad_strafe,320.0
3.717,bad_strafe,320.0
3.726,bad_strafe,320.0
3.734,bad_strafe,320.0
3.742,bad_strafe,320.0
3.751,bad_strafe,320.0
3.759,bad_strafe,320.0
3.768,bad_strafe,320.0
3.776,bad_strafe,320.0
3.784,bad_strafe,320.0
3.793,bad_strafe,320.0
3.801,bad_strafe,320.0
3.809,bad_strafe,320.0
3.818,bad_strafe,320.0
3.826,bad_strafe,320.0
3.834,bad_strafe,320.0
3.843,bad_strafe,320.0
3.851,bad_strafe,320.0
3.859,bad_strafe,320.0
3.868,bad_strafe,320.0
3.876,bad_strafe,320.0
3.884,bad_strafe,320.0
3.893,bad_strafe,320.0
3.901,bad_strafe,320.0
3.909,bad_strafe,320.0
3.918,bad_strafe,320.0
3.926,bad_strafe,320.0
3.934,bad_strafe,320.0
3.943,bad_strafe,320.0
3.951,bad_strafe,320.0
3.959,bad_strafe,320.0
3.968,bad_strafe,320.0
3.976,bad_strafe,320.0
3.984,bad_strafe,320.0
3.993,bad_strafe,320.0
4.001,bad_strafe,320.0
4.009,bad_strafe,320.0
4.018,bad_strafe,320.0
4.026,bad_strafe,320.0
4.034,bad_strafe,320.0
4.043,bad_strafe,320.0
4.051,bad_strafe,320.0
4.059,bad_strafe,320.0
4.068,bad_strafe,320.0
4.076,bad_strafe,320.0
4.084,bad_strafe,320.0
4.093,bad_strafe,320.0
4.101,bad_strafe,320.0
4.109,bad_strafe,320.0
4.118,bad_strafe,320.0
4.126,bad_strafe,320.0
4.134,bad_strafe,320.0
4.143,bad_strafe,320.0
4.151,bad_strafe,320.0
4.159,bad_strafe,320.0
4.168,bad_strafe,320.0
4.176,bad_strafe,320.0
4.184,bad_strafe,320.0
4.193,bad_strafe,320.0
4.201,bad_strafe,320.0
4.209,bad_strafe,320.0
4.218,bad_strafe,320.0
4.226,bad_strafe,320.0
4.234,bad_strafe,320.0
4.243,bad_strafe,320.0
4.251,bad_strafe,320.0
4.259,bad_strafe,320.0
4.268,bad_strafe,320.0
4.276,bad_strafe,320.0
4.284,bad_strafe,320.0
4.293,bad_strafe,320.0
4.301,bad_strafe,320.0
4.309,bad_strafe,320.0
4.318,bad_strafe,320.0
4.326,bad_strafe,320.0
4.334,bad_strafe,320.0
4.343,bad_strafe,320.0
4.351,bad_strafe,320.0
4.359,bad_strafe,320.0
4.368,bad_strafe,320.0
4.376,bad_strafe,320.0
4.384,bad_strafe,320.0
4.393,bad_strafe,320.0
4.401,bad_strafe,320.0
4.409,bad_strafe,320.0
4.418,bad_strafe,320.0
4.426,bad_strafe,320.0
4.434,bad_strafe,320.0
4.443,bad_strafe,320.0
4.451,bad_strafe,320.0
4.459,bad_strafe,320.0
4.468,bad_strafe,320.0
4.476,bad_strafe,320.0
4.484,bad_strafe,320.0
4.493,bad_strafe,320.0
4.501,bad_strafe,320.0
4.509,bad_strafe,320.0
4.518,bad_strafe,320.0
4.526,bad_strafe,320.0
4.534,bad_strafe,320.0
4.543,bad_strafe,320.0
4.551,bad_strafe,320.0
4.559,bad_strafe,320.0
4.568,bad_strafe,320.0
4.576,bad_strafe,320.0
4.584,bad_strafe,320.0
4.593,bad_strafe,320.0
4.601,bad_strafe,320.0
4.609,bad_strafe,320.0
4.618,bad_strafe,320.0
4.626,bad_strafe,320.0
4.634,bad_strafe,320.0
4.643,bad_strafe,320.0
4.651,bad_strafe,320.0
4.659,bad_strafe,320.0
4.668,bad_strafe,320.0
4.676,bad_strafe,320.0
4.684,bad_strafe,320.0
4.693,bad_strafe,320.0
4.701,bad_strafe,320.0
4.709,bad_strafe,320.0
4.718,bad_strafe,320.0
4.726,bad_strafe,320.0
4.734,bad_strafe,320.0
4.743,bad_strafe,320.0
4.751,bad_strafe,320.0
4.759,bad_strafe,320.0
4.768,bad_strafe,320.0
4.776,bad_strafe,320.0
4.784,bad_strafe,320.0
4.793,bad_strafe,320.0
4.801,bad_strafe,320.0
4.809,bad_strafe,320.0
4.818,bad_strafe,320.0
4.826,bad_strafe,320.0
4.835,bad_strafe,320.0
4.843,bad_strafe,320.0
4.851,bad_strafe,320.0
4.86,bad_strafe,320.0
4.868,bad_strafe,320.0
4.876,bad_strafe,320.0
4.885,bad_strafe,320.0
4.893,bad_strafe,320.0
4.901,bad_strafe,320.0
4.91,bad_strafe,320.0
4.918,bad_strafe,320.0
4.926,bad_strafe,320.0
4.935,bad_strafe,320.0
4.943,bad_strafe,320.0
4.951,bad_strafe,320.0
4.96,bad_strafe,320.0
4.968,bad_strafe,320.0
4.976,bad_strafe,320.0
4.985,bad_strafe,320.0
4.993,bad_strafe,320.0
5.001,bad_strafe,320.0
5.01,bad_strafe,320.0
5.018,bad_strafe,320.0
5.026,bad_strafe,320.0
5.035,bad_strafe,320.0
5.043,bad_strafe,320.0
5.051,bad_strafe,320.0
5.06,bad_strafe,320.0
5.068,bad_strafe,320.0
5.076,bad_strafe,320.0
5.085,bad_strafe,320.0
5.093,bad_strafe,320.0
5.101,bad_strafe,320.0
5.11,bad_strafe,320.0
5.118,bad_strafe,320.0
5.126,bad_strafe,320.0
5.135,bad_strafe,320.0
5.143,bad_strafe,320.0
5.151,bad_strafe,320.0
5.16,bad_strafe,320.0
5.168,bad_strafe,320.0
5.176,bad_strafe,320.0
5.185,bad_strafe,320.0
5.193,bad_strafe,320.0
5.201,bad_strafe,320.0
5.21,bad_strafe,320.0
5.218,bad_strafe,320.0
5.226,bad_strafe,320.0
5.235,bad_strafe,320.0
5.243,bad_strafe,320.0
5.251,bad_strafe,320.0
5.26,bad_strafe,320.0
5.268,bad_strafe,320.0
5.276,bad_strafe,320.0
5.285,bad_strafe,320.0
5.293,bad_strafe,320.0
5.301,bad_strafe,320.0
5.31,bad_strafe,320.0
5.318,bad_strafe,320.0
5.326,bad_strafe,320.0
5.335,bad_strafe,320.0
5.343,bad_strafe,320.0
5.351,bad_strafe,320.0
5.36,bad_strafe,320.0
5.368,bad_strafe,320.0
5.376,bad_strafe,320.0
5.385,bad_strafe,320.0
5.393,bad_strafe,320.0
5.401,bad_strafe,320.0
5.41,bad_strafe,320.0
5.418,bad_strafe,320.0
5.426,bad_strafe,320.0
5.435,bad_strafe,320.0
5.443,bad_strafe,320.0
5.451,bad_strafe,320.0
5.46,bad_strafe,320.0
5.468,bad_strafe,320.0
5.476,bad_strafe,320.0
5.485,bad_strafe,320.0
5.493,bad_strafe,320.0
5.501,bad_strafe,320.0
5.51,bad_strafe,320.0
5.518,bad_strafe,320.0
5.526,bad_strafe,320.0
5.535,bad_strafe,320.0
5.543,bad_strafe,320.0
5.551,bad_strafe,320.0
5.56,bad_strafe,320.0
5.568,bad_strafe,320.0
5.576,bad_strafe,320.0
5.585,bad_strafe,320.0
5.593,bad_strafe,320.0
5.601,bad_strafe,320.0
5.61,bad_strafe,320.0
5.618,bad_strafe,320.0
5.626,bad_strafe,320.0
5.635,bad_strafe,320.0
5.643,bad_strafe,320.0
5.651,bad_strafe,320.0
5.66,bad_strafe,320.0
5.668,bad_strafe,320.0
5.676,bad_strafe,320.0
5.685,bad_strafe,320.0
5.693,bad_strafe,320.0
5.701,bad_strafe,320.0
5.71,bad_strafe,320.0
5.718,bad_strafe,320.0
5.726,bad_strafe,320.0
5.735,bad_strafe,320.0
5.743,bad_strafe,320.0
5.751,bad_strafe,320.0
5.76,bad_strafe,320.0
5.768,bad_strafe,320.0
5.776,bad_strafe,320.0
5.785,bad_strafe,320.0
5.793,bad_strafe,320.0
5.801,bad_strafe,320.0
5.81,bad_strafe,320.0
5.818,bad_strafe,320.0
5.826,bad_strafe,320.0
5.835,bad_strafe,320.0
5.843,bad_strafe,320.0
5.851,bad_strafe,320.0
5.86,bad_strafe,320.0
5.868,bad_strafe,320.0
5.876,bad_strafe,320.0
5.885,bad_strafe,320.0
5.893,bad_strafe,320.0
5.901,bad_strafe,320.0
5.91,bad_strafe,320.0
5.918,bad_strafe,320.0
5.926,bad_strafe,320.0
5.935,bad_strafe,320.0
5.943,bad_strafe,320.0
5.951,bad_strafe,320.0
5.96,bad_strafe,320.0
5.968,bad_strafe,320.0
5.976,bad_strafe,320.0
5.985,bad_strafe,320.0
5.993,bad_strafe,320.0
6.001,good_strafe,320.0
6.01,good_strafe,331.5
6.018,good_strafe,343.3
6.026,good_strafe,355.5
6.035,good_strafe,368.0
6.043,good_strafe,380.7
6.051,good_strafe,393.6
6.06,good_strafe,406.7
6.068,good_strafe,420.0
6.076,good_strafe,433.3
6.085,good_strafe,446.8
6.093,good_strafe,460.3
6.101,good_strafe,473.8
6.11,good_strafe,487.4
6.118,good_strafe,497.1
6.126,good_strafe,505.0
6.135,good_strafe,514.2
6.143,good_strafe,523.5
6.151,good_strafe,532.9
6.16,good_strafe,542.3
6.168,good_strafe,551.8
6.176,good_strafe,561.3
6.185,good_strafe,570.9
6.193,good_strafe,580.4
6.201,good_strafe,590.0
6.21,good_strafe,599.5
6.218,good_strafe,609.1
6.226,good_strafe,618.6
6.235,good_strafe,628.0
6.243,good_strafe,637.5
6.251,good_strafe,646.8
6.26,good_strafe,656.2
6.268,good_strafe,665.4
6.276,good_strafe,674.6
6.285,good_strafe,683.7
6.293,good_strafe,692.7
6.301,good_strafe,701.6
6.31,good_strafe,701.6
6.318,good_strafe,701.6
6.326,good_strafe,701.6
6.335,good_strafe,701.6
6.343,good_strafe,701.6
6.351,good_strafe,701.6
6.36,good_strafe,702.1
6.368,good_strafe,711.1
6.376,good_strafe,720.2
6.385,good_strafe,729.3
6.393,good_strafe,738.3
6.402,good_strafe,747.1
6.41,good_strafe,755.8
6.418,good_strafe,764.4
6.427,good_strafe,772.9
6.435,good_strafe,781.2
6.443,good_strafe,789.3
6.452,good_strafe,796.2
6.46,good_strafe,801.7
6.468,good_strafe,806.3
6.477,good_strafe,810.1
6.485,good_strafe,813.2
6.493,good_strafe,813.2
6.502,good_strafe,813.2
6.51,good_strafe,813.2
6.518,good_strafe,813.2
6.527,good_strafe,813.2
6.535,good_strafe,813.2
6.543,good_strafe,813.2
6.552,good_strafe,813.2
6.56,good_strafe,813.2
6.568,good_strafe,813.2
6.577,good_strafe,813.2
6.585,good_strafe,813.2
6.593,good_strafe,813.8
6.602,good_strafe,817.0
6.61,good_strafe,819.8
6.618,good_strafe,822.0
6.627,good_strafe,824.0
6.635,good_strafe,825.6
6.643,good_strafe,827.0
6.652,good_strafe,828.1
6.66,good_strafe,829.1
6.668,good_strafe,829.1
6.677,good_strafe,829.1
6.685,good_strafe,829.1
6.693,good_strafe,829.1
6.702,good_strafe,829.1
6.71,good_strafe,829.1
6.719,good_strafe,829.1
6.727,good_strafe,829.1
6.735,good_strafe,829.1
6.744,good_strafe,829.1
6.752,good_strafe,829.1
6.76,good_strafe,829.1
6.769,good_strafe,829.1
6.777,good_strafe,829.1
6.785,good_strafe,829.1
6.794,good_strafe,829.1
6.802,good_strafe,829.6
6.81,good_strafe,831.2
6.819,good_strafe,832.6
6.827,good_strafe,833.8
6.835,good_strafe,834.8
6.844,good_strafe,835.6
6.852,good_strafe,835.6
6.86,good_strafe,835.6
6.869,good_strafe,835.6
6.877,good_strafe,835.6
6.885,good_strafe,835.6
6.894,good_strafe,835.6
6.902,good_strafe,835.6
6.91,good_strafe,835.6
6.919,good_strafe,835.6
6.927,good_strafe,835.6
6.935,good_strafe,835.6
6.944,good_strafe,835.6
6.952,good_strafe,835.6
6.96,good_strafe,835.6
6.969,good_strafe,835.6
6.977,good_strafe,836.5
6.985,good_strafe,837.6
6.994,good_strafe,838.5
7.002,good_strafe,839.3
7.01,good_strafe,840.0
7.019,good_strafe,840.5
7.027,good_strafe,841.0
7.035,good_strafe,841.0
7.044,good_strafe,841.0
7.052,good_strafe,841.0
7.06,good_strafe,841.0
7.069,good_strafe,841.0
7.077,good_strafe,841.0
7.085,good_strafe,841.0
7.094,good_strafe,841.0
7.102,good_strafe,841.0
7.11,good_strafe,841.0
7.119,good_strafe,841.0
7.127,good_strafe,841.0
7.135,good_strafe,841.0
7.144,good_strafe,841.0
7.152,good_strafe,841.0
7.16,good_strafe,841.0
7.169,good_strafe,841.0
7.177,good_strafe,841.9
7.185,good_strafe,842.6
7.194,good_strafe,843.2
7.202,good_strafe,843.7
7.21,good_strafe,843.7
7.219,good_strafe,843.7
7.227,good_strafe,843.7
7.235,good_strafe,843.7
7.244,good_strafe,843.7
7.252,good_strafe,843.7
7.26,good_strafe,843.7
7.269,good_strafe,843.7
7.277,good_strafe,843.7
7.285,good_strafe,843.7
7.294,good_strafe,843.7
7.302,good_strafe,843.7
7.31,good_strafe,843.7
7.319,good_strafe,843.7
7.327,good_strafe,843.8
7.335,good_strafe,844.5
7.344,good_strafe,845.1
7.352,good_strafe,845.6
7.36,good_strafe,846.0
7.369,good_strafe,846.4
7.377,good_strafe,846.8
7.385,good_strafe,847.0
7.394,good_strafe,847.0
7.402,good_strafe,847.0
7.41,good_strafe,847.0
7.419,good_strafe,847.0
7.427,good_strafe,847.0
7.435,good_strafe,847.0
7.444,good_strafe,847.0
7.452,good_strafe,847.0
7.46,good_strafe,847.0
7.469,good_strafe,847.0
7.477,good_strafe,847.0
7.485,good_strafe,847.0
7.494,good_strafe,847.0
7.502,good_strafe,847.0
7.51,good_strafe,847.0
7.519,good_strafe,847.0
7.527,good_strafe,847.0
7.536,good_strafe,847.1
7.544,good_strafe,847.7
7.552,good_strafe,848.2
7.561,good_strafe,848.7
7.569,good_strafe,848.7
7.577,good_strafe,848.7
7.586,good_strafe,848.7
7.594,good_strafe,848.7
7.602,good_strafe,848.7
7.611,good_strafe,848.7
7.619,good_strafe,848.7
7.627,good_strafe,848.7
7.636,good_strafe,848.7
7.644,good_strafe,848.7
7.652,good_strafe,848.7
7.661,good_strafe,848.7
7.669,good_strafe,848.7
7.677,good_strafe,848.7
7.686,good_strafe,849.2
7.694,good_strafe,849.8
7.702,good_strafe,850.3
7.711,good_strafe,850.8
7.719,good_strafe,851.2
7.727,good_strafe,851.6
7.736,good_strafe,852.0
7.744,good_strafe,852.2
7.752,good_strafe,852.2
7.761,good_strafe,852.2
7.769,good_strafe,852.2
7.777,good_strafe,852.2
7.786,good_strafe,852.2
7.794,good_strafe,852.2
7.802,good_strafe,852.2
7.811,good_strafe,852.2
7.819,good_strafe,852.2
7.827,good_strafe,852.2
7.836,good_strafe,852.2
7.844,good_strafe,852.2
7.852,good_strafe,852.2
7.861,good_strafe,852.2
7.869,good_strafe,852.2
7.877,good_strafe,852.2
7.886,good_strafe,852.2
7.894,good_strafe,852.2
7.902,good_strafe,852.4
7.911,good_strafe,853.0
7.919,good_strafe,853.5
7.927,good_strafe,854.0
7.936,good_strafe,854.0
7.944,good_strafe,854.0
7.952,good_strafe,854.0
7.961,good_strafe,854.0
7.969,good_strafe,854.0
7.977,good_strafe,854.0
7.986,good_strafe,854.0
7.994,good_strafe,854.0
8.002,good_strafe,854.0
8.011,good_strafe,854.0
8.019,good_strafe,854.0
8.027,good_strafe,854.0
8.036,good_strafe,854.0
8.044,good_strafe,854.0
8.052,good_strafe,854.3
8.061,good_strafe,854.9
8.069,good_strafe,855.4
8.077,good_strafe,855.9
8.086,good_strafe,856.3
8.094,good_strafe,856.6
8.102,good_strafe,857.0
8.111,good_strafe,857.0
8.119,good_strafe,857.0
8.127,good_strafe,857.0
8.136,good_strafe,857.0
8.144,good_strafe,857.0
8.152,good_strafe,857.0
8.161,good_strafe,857.0
8.169,good_strafe,857.0
8.177,good_strafe,857.0
8.186,good_strafe,857.0
8.194,good_strafe,857.0
8.202,good_strafe,857.0
8.211,good_strafe,857.0
8.219,good_strafe,857.0
8.227,good_strafe,857.0
8.236,good_strafe,857.0
8.244,good_strafe,857.0
8.252,good_strafe,857.3
8.261,good_strafe,857.8
8.269,good_strafe,858.4
8.277,good_strafe,858.8
8.286,good_strafe,859.2
8.294,good_strafe,859.2
8.302,good_strafe,859.2
8.311,good_strafe,859.2
8.319,good_strafe,859.2
8.327,good_strafe,859.2
8.336,good_strafe,859.2
8.344,good_strafe,859.2
8.352,good_strafe,859.2
8.361,good_strafe,859.2
8.369,good_strafe,859.2
8.377,good_strafe,859.2
8.386,good_strafe,859.2
8.394,good_strafe,859.2
8.402,good_strafe,859.2
8.411,good_strafe,859.2
8.419,good_strafe,859.4
8.427,good_strafe,859.9
8.436,good_strafe,860.5
8.444,good_strafe,860.9
8.452,good_strafe,861.4
8.461,good_strafe,861.8
8.469,good_strafe,861.8
8.477,good_strafe,861.8
8.486,good_strafe,861.8
8.494,good_strafe,861.8
8.502,good_strafe,861.8
8.511,good_strafe,861.8
8.519,good_strafe,861.8
8.527,good_strafe,861.8
8.536,good_strafe,861.8
8.544,good_strafe,861.8
8.552,good_strafe,861.8
8.561,good_strafe,861.8
8.569,good_strafe,861.8
8.577,good_strafe,861.8
8.586,good_strafe,861.8
8.594,good_strafe,861.8
8.602,good_strafe,862.0
8.611,good_strafe,862.6
8.619,good_strafe,863.1
8.627,good_strafe,863.6
8.636,good_strafe,864.0
8.644,good_strafe,864.4
8.652,good_strafe,864.4
8.661,good_strafe,864.4
8.669,good_strafe,864.4
8.677,good_strafe,864.4
8.686,good_strafe,864.4
8.694,good_strafe,864.4
8.702,good_strafe,864.4
8.711,good_strafe,864.4
8.719,good_strafe,864.4
8.727,good_strafe,864.4
8.736,good_strafe,864.4
8.744,good_strafe,864.4
8.752,good_strafe,864.4
8.761,good_strafe,864.4
8.769,good_strafe,864.4
8.777,good_strafe,864.4
8.786,good_strafe,864.4
8.794,good_strafe,865.0
8.802,good_strafe,865.5
8.811,good_strafe,866.0
8.819,good_strafe,866.4
8.827,good_strafe,866.8
8.836,good_strafe,866.8
8.844,good_strafe,866.8
8.852,good_strafe,866.8
8.861,good_strafe,866.8
8.869,good_strafe,866.8
8.877,good_strafe,866.8
8.886,good_strafe,866.8
8.894,good_strafe,866.8
8.902,good_strafe,866.8
8.911,good_strafe,866.8
8.919,good_strafe,866.8
8.927,good_strafe,866.8
8.936,good_strafe,866.8
8.944,good_strafe,866.8
8.952,good_strafe,866.8
8.961,good_strafe,866.8
8.969,good_strafe,867.1
8.977,good_strafe,867.6
8.986,good_strafe,868.1
8.994,good_strafe,868.6
9.002,good_strafe,869.0
9.011,good_strafe,869.0
9.019,good_strafe,869.0
9.027,good_strafe,869.0
9.036,good_strafe,869.0
9.044,good_strafe,869.0
9.052,good_strafe,869.0
9.061,good_strafe,869.0
9.069,good_strafe,869.0
9.077,good_strafe,869.0
9.086,good_strafe,869.0
9.094,good_strafe,869.0
9.102,good_strafe,869.0
9.111,good_strafe,869.0
9.119,good_strafe,869.0
9.127,good_strafe,869.0
9.136,good_strafe,869.0
9.144,good_strafe,869.6
9.152,good_strafe,870.0
9.161,good_strafe,870.0
9.169,good_strafe,870.0
9.177,good_strafe,870.0
9.186,good_strafe,870.0
9.194,good_strafe,870.0
9.202,good_strafe,870.0
9.211,good_strafe,870.0
9.219,good_strafe,870.0
9.227,good_strafe,870.0
9.236,good_strafe,870.0
9.244,good_strafe,870.0
9.252,good_strafe,870.0
9.261,good_strafe,870.0
9.269,good_strafe,870.0
9.277,good_strafe,870.0
9.286,good_strafe,870.0
9.294,good_strafe,870.0
9.302,good_strafe,870.0
9.311,good_strafe,870.0
9.319,good_strafe,870.0
9.327,good_strafe,870.0
9.336,good_strafe,870.0
9.344,good_strafe,870.0
9.352,good_strafe,870.0
9.361,good_strafe,870.0
9.369,good_strafe,870.0
9.377,good_strafe,870.0
9.386,good_strafe,870.0
9.394,good_strafe,870.0
9.402,good_strafe,870.0
9.411,good_strafe,870.0
9.419,good_strafe,870.0
9.427,good_strafe,870.0
9.436,good_strafe,870.0
9.444,good_strafe,870.0
9.452,good_strafe,870.0
9.461,good_strafe,870.0
9.469,good_strafe,870.0
9.477,good_strafe,870.0
9.486,good_strafe,870.0
9.494,good_strafe,870.0
9.502,good_strafe,870.0
9.511,good_strafe,870.0
9.519,good_strafe,870.0
9.527,good_strafe,870.0
9.536,good_strafe,870.0
9.544,good_strafe,870.0
9.552,good_strafe,870.0
9.561,good_strafe,870.0
9.569,good_strafe,870.0
9.577,good_strafe,870.0
9.586,good_strafe,870.0
9.594,good_strafe,870.0
9.602,good_strafe,870.0
9.611,good_strafe,870.0
9.619,good_strafe,870.0
9.627,good_strafe,870.0
9.636,good_strafe,870.0
9.644,good_strafe,870.0
9.652,good_strafe,870.0
9.661,good_strafe,870.0
9.669,good_strafe,868.6
9.677,good_strafe,870.2
9.686,good_strafe,871.4
9.694,good_strafe,872.0
9.702,good_strafe,872.4
9.711,good_strafe,872.2
9.719,good_strafe,871.8
9.727,good_strafe,870.8
9.736,good_strafe,872.5
9.744,good_strafe,873.8
9.752,good_strafe,874.7
9.761,good_strafe,875.3
9.769,good_strafe,875.4
9.777,good_strafe,875.3
9.786,good_strafe,874.7
9.794,good_strafe,870.0
9.802,good_strafe,870.0
9.811,good_strafe,870.0
9.819,good_strafe,870.0
9.827,good_strafe,870.0
9.836,good_strafe,870.0
9.844,good_strafe,870.0
9.852,good_strafe,870.0
9.861,good_strafe,870.0
9.869,good_strafe,870.0
9.877,good_strafe,870.0
9.886,good_strafe,820.2
9.894,good_strafe,818.7
9.903,good_strafe,817.0
9.911,good_strafe,815.4
9.919,good_strafe,813.5
9.928,good_strafe,811.4
9.936,good_strafe,809.1
9.944,good_strafe,807.3
9.953,good_strafe,804.4
9.961,good_strafe,801.4
9.969,good_strafe,798.1
9.978,good_strafe,794.5
9.986,good_strafe,790.8
9.994,good_strafe,786.8
10.003,good_strafe,782.7
10.011,good_strafe,778.3
10.019,good_strafe,773.8
10.028,good_strafe,769.1
10.036,good_strafe,764.1
10.044,good_strafe,759.0
10.053,good_strafe,753.8
10.061,good_strafe,748.3
10.069,good_strafe,742.7
10.078,good_strafe,736.9
10.086,good_strafe,731.0
10.094,good_strafe,724.9
10.103,good_strafe,718.7
10.111,good_strafe,712.4
10.119,good_strafe,705.9
10.128,good_strafe,699.4
10.136,good_strafe,692.7
10.144,good_strafe,685.9
10.153,good_strafe,679.0
10.161,good_strafe,672.1
10.169,good_strafe,665.1
10.178,good_strafe,658.0
10.186,good_strafe,650.8
10.194,good_strafe,643.6
10.203,good_strafe,636.3
10.211,good_strafe,629.0
10.219,good_strafe,621.6
10.228,good_strafe,614.2
10.236,good_strafe,606.8
10.244,good_strafe,599.3
10.253,good_strafe,591.8
10.261,good_strafe,584.2
10.269,good_strafe,577.0
10.278,good_strafe,569.8
10.286,good_strafe,562.6
10.294,good_strafe,555.4
10.303,good_strafe,548.2
10.311,good_strafe,541.1
10.319,good_strafe,534.0
10.328,good_strafe,526.8
10.336,good_strafe,519.7
10.344,good_strafe,512.6
10.353,good_strafe,505.6
10.361,good_strafe,498.6
10.369,good_strafe,491.7
10.378,good_strafe,484.7
10.386,good_strafe,477.9
10.394,good_strafe,471.0
10.403,good_strafe,464.3
10.411,good_strafe,457.5
10.419,good_strafe,451.0
10.428,good_strafe,444.3
10.436,good_strafe,437.9
10.444,good_strafe,431.4
10.453,good_strafe,426.3
10.461,good_strafe,420.5
10.469,good_strafe,414.9
10.478,good_strafe,409.2
10.486,good_strafe,403.7
10.494,good_strafe,398.1
10.503,good_strafe,392.8
10.511,good_strafe,387.4
10.519,good_strafe,382.4
10.528,good_strafe,388.1
10.536,good_strafe,382.5
10.544,good_strafe,376.9
10.553,good_strafe,371.4
10.561,good_strafe,365.9
10.569,good_strafe,360.6
10.578,good_strafe,355.2
10.586,good_strafe,355.9
10.594,good_strafe,350.4
10.603,good_strafe,345.1
10.611,good_strafe,339.8
10.619,good_strafe,334.7
10.628,good_strafe,329.5
10.636,good_strafe,324.5
10.644,good_strafe,319.4
10.653,good_strafe,314.6
10.661,good_strafe,309.7
10.669,good_strafe,308.4
10.678,good_strafe,305.5
10.686,good_strafe,305.6
10.694,good_strafe,302.4
10.703,good_strafe,307.5
10.711,good_strafe,304.5
10.719,good_strafe,307.8
10.728,good_strafe,304.8
10.736,good_strafe,307.9
10.744,good_strafe,304.9
10.753,good_strafe,307.9
10.761,good_strafe,304.9
10.77,good_strafe,307.8
10.778,good_strafe,304.9
10.786,good_strafe,535.5
10.795,good_strafe,543.7
10.803,good_strafe,552.0
10.811,good_strafe,562.5
10.82,good_strafe,573.2
10.828,good_strafe,583.7
10.836,good_strafe,594.1
10.845,good_strafe,604.5
10.853,good_strafe,614.9
10.861,good_strafe,625.2
10.87,good_strafe,635.5
10.878,good_strafe,645.7
10.886,good_strafe,655.7
10.895,good_strafe,664.7
10.903,good_strafe,673.6
10.911,good_strafe,682.5
10.92,good_strafe,691.5
10.928,good_strafe,700.5
10.936,good_strafe,709.6
10.945,good_strafe,718.6
10.953,good_strafe,727.7
10.961,good_strafe,736.7
10.97,good_strafe,542.4
10.978,good_strafe,538.6
10.986,good_strafe,534.6
10.995,good_strafe,530.4
